[
  {
    "id": "6ef2e38f",
    "name": "Tips",
    "url": "https://www.instagram.com/reel/DKhoJd8zlKV/?igsh=MWs3YTcyNjlvdmI2OQ==",
    "keywords": [
      "link",
      "price",
      "hi",
      "hii"
    ],
    "message": "Hii what you want why you sended the comment to me y say y",
    "enabled": true,
    "created": "2025-06-11 16:26",
    "stats": {
      "replies": 13,
      "dms": 34,
      "total_comments_actual": 24,
      "total_comments_found": 83,
      "comment_users": [
        "__moh_a_n__",
        "many_chat_test",
        "mybotscanner"
      ],
      "dm_users": [
        "__moh_a_n__",
        "many_chat_test",
        "mybotscanner"
      ]
    },
    "ig_post_id": "3648373745641214613"
  },
  {
    "id": "2c027d9d",
    "name": "Smile \ud83d\ude0a",
    "url": "https://www.instagram.com/p/DKhve5NTyho/?igsh=MWFkYXllb3JobDdhMA==",
    "keywords": [
      "hi"
    ],
    "message": "Hii this is gii dkjxjsnsnnf hii.bye",
    "enabled": true,
    "created": "2025-06-11 20:40",
    "stats": {
      "replies": 0,
      "dms": 1,
      "total_comments_actual": 2,
      "total_comments_found": 2,
      "comment_users": [
        "__moh_a_n__"
      ],
      "dm_users": [
        "__moh_a_n__"
      ]
    },
    "ig_post_id": "3648406004343711848"
  }
]